region,Frontal Pole (L),Frontal Pole (R),Insular Cortex (L),Insular Cortex (R),Superior Frontal Gyrus (L),Superior Frontal Gyrus (R),Middle Frontal Gyrus (L),Middle Frontal Gyrus (R),"Inferior Frontal Gyrus, pars triangularis (L)","Inferior Frontal Gyrus, pars triangularis (R)","Inferior Frontal Gyrus, pars opercularis (L)","Inferior Frontal Gyrus, pars opercularis (R)",Precentral Gyrus (L),Precentral Gyrus (R),Temporal Pole (L),Temporal Pole (R),"Superior Temporal Gyrus, anterior division (L)","Superior Temporal Gyrus, anterior division (R)","Superior Temporal Gyrus, posterior division (L)","Superior Temporal Gyrus, posterior division (R)","Middle Temporal Gyrus, anterior division (L)","Middle Temporal Gyrus, anterior division (R)","Middle Temporal Gyrus, posterior division (L)","Middle Temporal Gyrus, posterior division (R)","Middle Temporal Gyrus, temporooccipital part (L)","Middle Temporal Gyrus, temporooccipital part (R)","Inferior Temporal Gyrus, anterior division (L)","Inferior Temporal Gyrus, anterior division (R)","Inferior Temporal Gyrus, posterior division (L)","Inferior Temporal Gyrus, posterior division (R)","Inferior Temporal Gyrus, temporooccipital part (L)","Inferior Temporal Gyrus, temporooccipital part (R)",Postcentral Gyrus (L),Postcentral Gyrus (R),Superior Parietal Lobule (L),Superior Parietal Lobule (R),"Supramarginal Gyrus, anterior division (L)","Supramarginal Gyrus, anterior division (R)","Supramarginal Gyrus, posterior division (L)","Supramarginal Gyrus, posterior division (R)",Angular Gyrus (L),Angular Gyrus (R),"Lateral Occipital Cortex, superior division (L)","Lateral Occipital Cortex, superior division (R)","Lateral Occipital Cortex, inferior division (L)","Lateral Occipital Cortex, inferior division (R)",Intracalcarine Cortex (L),Intracalcarine Cortex (R),Frontal Medial Cortex (L),Frontal Medial Cortex (R),Juxtapositional Lobule Cortex (SMA) (L),Juxtapositional Lobule Cortex (SMA) (R),Subcallosal Cortex (L),Subcallosal Cortex (R),Paracingulate Gyrus (L),Paracingulate Gyrus (R),"Cingulate Gyrus, anterior division (L)","Cingulate Gyrus, anterior division (R)","Cingulate Gyrus, posterior division (L)","Cingulate Gyrus, posterior division (R)",Precuneous Cortex (L),Precuneous Cortex (R),Cuneal Cortex (L),Cuneal Cortex (R),Frontal Orbital Cortex (L),Frontal Orbital Cortex (R),"Parahippocampal Gyrus, anterior division (L)","Parahippocampal Gyrus, anterior division (R)","Parahippocampal Gyrus, posterior division (L)","Parahippocampal Gyrus, posterior division (R)",Lingual Gyrus (L),Lingual Gyrus (R),"Temporal Fusiform Cortex, anterior division (L)","Temporal Fusiform Cortex, anterior division (R)","Temporal Fusiform Cortex, posterior division (L)","Temporal Fusiform Cortex, posterior division (R)",Temporal Occipital Fusiform Cortex (L),Temporal Occipital Fusiform Cortex (R),Occipital Fusiform Gyrus (L),Occipital Fusiform Gyrus (R),Frontal Operculum Cortex (L),Frontal Operculum Cortex (R),Central Opercular Cortex (L),Central Opercular Cortex (R),Parietal Operculum Cortex (L),Parietal Operculum Cortex (R),Planum Polare (L),Planum Polare (R),Heschl's Gyrus (includes H1 and H2) (L),Heschl's Gyrus (includes H1 and H2) (R),Planum Temporale (L),Planum Temporale (R),Supracalcarine Cortex (L),Supracalcarine Cortex (R),Occipital Pole (L),Occipital Pole (R),Thalamus (L),Caudate (L),Putamen (L),Pallidum (L),Brain-Stem,Hippocampus (L),Amygdala (L),Accumbens (L),Thalamus (R),Caudate (R),Putamen (R),Pallidum (R),Hippocampus (R),Amygdala (R),Accumbens (R)
Frontal Pole (L),0,150,25,2,83,1,54,0,3,0,3,0,22,0,12,0,0,0,2,0,4,0,4,0,1,0,4,0,9,0,0,0,8,0,10,0,0,0,6,0,3,0,23,0,17,0,2,0,12,4,10,1,5,4,35,4,41,18,1,0,13,1,4,0,73,5,0,0,0,0,3,0,0,0,9,0,6,0,2,0,7,2,2,0,8,0,7,0,2,0,5,0,0,0,3,0,120,138,69,29,28,17,56,27,5,14,3,0,0,1,0
Frontal Pole (R),150,0,2,41,23,152,7,103,1,5,0,1,1,34,1,14,0,0,0,0,0,0,0,1,0,0,0,0,1,2,0,0,0,6,0,12,0,2,0,8,0,12,0,21,0,3,0,1,2,6,3,19,24,31,20,88,24,90,0,7,0,7,0,0,32,54,0,1,0,1,0,2,0,0,0,6,0,1,0,5,8,25,0,7,0,16,0,4,0,1,0,3,1,0,0,12,5,118,2,0,19,2,1,0,112,247,162,28,19,48,41
Insular Cortex (L),25,2,0,0,39,1,9,0,1,0,3,0,133,0,21,0,1,0,0,0,5,0,13,0,2,0,3,0,18,1,3,0,43,0,6,1,3,0,5,0,6,0,34,0,14,0,3,0,0,0,5,0,1,0,4,0,5,5,1,0,30,0,4,0,28,0,1,0,0,0,4,0,1,0,6,0,2,0,6,0,1,1,9,0,25,0,4,0,0,0,6,0,0,0,6,0,30,27,40,20,48,21,28,2,4,3,0,1,0,0,0
Insular Cortex (R),2,41,0,0,2,53,2,21,0,0,0,8,4,137,0,18,0,1,0,1,1,4,0,9,1,8,1,0,2,9,0,2,1,87,0,56,0,13,0,17,0,38,4,134,1,17,0,1,0,0,1,49,0,1,0,18,0,10,1,17,2,30,2,9,0,8,0,1,0,2,1,2,0,1,2,8,0,7,0,20,0,9,1,17,0,27,1,7,0,9,4,14,0,10,1,51,11,4,0,0,16,3,1,0,60,53,56,12,62,13,4
Superior Frontal Gyrus (L),83,23,39,2,0,13,94,4,22,0,14,1,171,2,17,0,1,0,0,0,7,0,14,0,0,0,5,0,17,0,6,0,39,1,22,0,2,0,7,0,5,0,57,0,11,0,1,0,0,0,47,16,0,0,40,9,68,36,4,4,47,2,0,0,23,0,0,0,0,0,0,0,1,0,8,0,1,0,2,0,75,6,23,0,6,0,1,0,0,0,2,0,1,0,2,0,142,338,84,35,69,17,29,3,6,14,6,0,1,0,0
Superior Frontal Gyrus (R),1,152,1,53,13,0,0,144,0,17,1,26,5,148,0,6,0,0,0,2,0,0,0,0,0,1,0,0,0,1,0,0,1,18,0,16,0,2,0,3,0,10,0,20,0,2,0,0,0,2,4,51,0,1,4,39,8,70,1,14,0,16,0,0,0,9,0,0,0,0,0,0,0,0,0,0,0,0,0,0,2,144,0,8,0,7,0,0,0,3,0,0,0,0,0,3,3,23,0,2,27,0,1,0,58,141,107,18,23,45,1
Middle Frontal Gyrus (L),54,7,9,2,94,0,0,0,6,0,10,0,136,1,4,0,0,0,0,0,4,0,5,0,1,0,4,0,10,0,9,0,45,0,52,0,0,0,9,0,10,1,58,0,19,0,1,0,0,0,8,1,1,0,10,1,17,8,1,1,8,0,1,0,13,0,0,0,0,0,2,0,1,0,3,0,1,0,15,0,27,1,9,0,6,0,1,0,0,0,7,0,0,0,10,0,46,86,34,10,32,8,11,3,1,3,0,0,1,0,0
Middle Frontal Gyrus (R),0,103,0,21,4,144,0,0,0,6,0,19,4,112,0,2,0,0,0,0,1,0,0,2,0,1,0,0,0,0,0,0,0,22,0,6,0,0,0,12,0,30,0,36,0,2,0,0,0,0,1,45,0,0,2,23,4,42,2,4,0,3,0,0,0,6,0,1,0,1,0,0,0,0,0,0,0,1,0,1,1,48,0,15,0,8,0,1,0,3,0,1,0,0,0,1,2,22,0,1,18,0,1,0,48,128,31,7,7,12,10
"Inferior Frontal Gyrus, pars triangularis (L)",3,1,1,0,22,0,6,0,0,0,0,0,13,0,0,0,0,0,0,0,0,0,2,0,0,0,3,0,5,0,4,0,6,0,2,0,0,0,1,0,1,0,3,0,2,0,0,0,1,0,0,0,0,0,3,0,2,1,1,0,0,0,0,0,1,0,0,0,0,0,0,0,0,0,1,0,0,0,0,0,0,0,0,0,0,0,0,0,0,0,0,0,0,0,1,0,8,8,1,0,3,1,1,0,1,0,0,0,0,0,0
"Inferior Frontal Gyrus, pars triangularis (R)",0,5,0,0,0,17,0,6,0,0,0,2,1,8,0,0,0,0,0,0,0,0,0,0,0,0,0,0,0,0,0,0,0,2,0,2,0,0,0,3,0,8,0,1,0,0,0,0,0,0,0,1,0,0,0,2,0,2,0,3,0,0,0,0,0,2,0,0,0,0,0,0,0,0,0,0,0,0,0,2,0,1,0,14,0,1,0,0,0,1,0,0,0,0,0,0,1,0,0,0,0,1,0,0,1,4,6,0,0,1,0
"Inferior Frontal Gyrus, pars opercularis (L)",3,0,3,0,14,1,10,0,0,0,0,0,18,0,0,0,0,0,0,0,0,0,1,0,1,0,1,0,7,0,6,0,10,0,3,0,0,0,0,0,5,0,2,0,2,0,0,0,0,0,2,0,0,0,0,0,2,0,0,0,0,0,0,0,1,0,0,0,0,0,0,0,0,0,0,0,2,0,0,0,2,0,1,0,3,0,0,0,0,0,3,0,0,0,0,0,0,7,4,1,5,1,0,0,2,0,0,0,0,0,0
"Inferior Frontal Gyrus, pars opercularis (R)",0,1,0,8,1,26,0,19,0,2,0,0,3,38,0,1,0,0,0,0,0,0,1,0,0,0,0,0,0,1,0,1,3,13,0,5,0,6,0,25,0,25,0,17,0,1,0,0,0,0,0,10,0,0,0,4,1,12,0,1,1,7,0,0,0,2,0,1,0,0,0,0,0,0,0,0,0,0,0,0,0,4,0,17,0,15,0,2,0,4,0,0,0,0,0,1,2,2,0,1,8,0,0,0,19,22,15,10,11,12,3
Precentral Gyrus (L),22,1,133,4,171,5,136,4,13,1,18,3,0,13,13,0,0,0,2,0,15,0,21,0,9,0,9,0,41,0,26,0,179,13,96,8,12,0,59,0,42,0,104,2,39,0,1,0,0,0,59,22,0,0,4,4,74,25,17,3,44,4,3,0,19,0,0,0,0,0,5,0,3,0,6,0,6,0,9,0,40,2,48,1,17,0,5,1,3,0,7,0,2,0,11,0,224,370,183,200,354,50,279,5,15,8,1,0,4,1,0
Precentral Gyrus (R),0,34,0,137,2,148,1,112,0,8,0,38,13,0,0,26,0,0,0,0,1,0,0,2,0,4,0,2,0,1,0,0,6,172,0,77,0,10,0,46,0,75,2,93,0,3,0,0,0,0,2,68,0,1,0,4,6,42,4,42,2,34,0,2,0,13,0,10,0,0,0,1,0,0,0,2,0,0,0,0,0,58,0,64,0,35,0,1,0,4,4,10,0,1,0,5,23,18,1,1,245,1,0,0,180,255,186,62,124,105,15
Temporal Pole (L),12,1,21,0,17,0,4,0,0,0,0,0,13,0,0,0,9,0,6,1,4,1,35,1,8,0,10,0,35,1,19,0,17,1,10,7,1,0,8,0,13,0,97,4,37,0,24,0,0,0,1,0,0,0,1,0,3,0,5,2,38,8,13,0,3,0,2,0,1,0,26,0,9,0,43,0,14,0,23,0,1,1,1,0,16,0,47,0,8,0,25,1,4,0,52,1,20,8,23,4,6,50,13,0,1,1,3,0,1,0,0
Temporal Pole (R),0,14,0,18,0,6,0,2,0,0,0,1,0,26,0,0,0,3,0,5,2,7,1,13,0,4,0,2,0,27,0,1,0,12,0,17,0,3,0,3,0,8,0,37,1,4,0,3,0,0,0,4,0,1,0,1,0,2,1,2,0,1,0,3,0,10,0,3,0,2,0,1,0,4,1,37,0,0,0,6,0,1,0,1,0,8,0,22,0,8,0,4,0,3,0,23,1,0,0,0,11,1,0,0,51,8,40,24,71,62,0
"Superior Temporal Gyrus, anterior division (L)",0,0,1,0,1,0,0,0,0,0,0,0,0,0,9,0,0,0,0,0,0,0,2,1,0,0,0,0,2,0,1,0,2,1,3,1,0,0,4,0,0,0,15,0,7,0,2,0,0,0,0,0,0,0,0,0,0,0,0,0,1,2,0,0,1,0,0,0,0,0,0,0,1,0,1,0,0,0,0,0,0,0,1,0,3,0,5,0,3,0,4,0,1,0,5,0,4,0,3,0,1,5,3,0,0,0,2,1,2,0,0
"Superior Temporal Gyrus, anterior division (R)",0,0,0,1,0,0,0,0,0,0,0,0,0,0,0,3,0,0,0,0,0,2,0,5,0,2,0,1,0,3,0,0,0,1,0,0,0,0,0,1,0,2,0,6,0,0,0,1,0,0,0,0,0,0,0,0,0,0,0,0,0,0,0,0,0,1,0,1,0,0,0,0,0,0,0,1,0,0,0,1,0,0,0,0,0,4,0,0,0,6,0,4,0,1,0,1,0,0,0,0,0,0,0,0,2,0,0,0,0,2,0
"Superior Temporal Gyrus, posterior division (L)",2,0,0,0,0,0,0,0,0,0,0,0,2,0,6,0,0,0,0,0,0,0,1,0,0,0,0,0,3,0,2,0,0,0,3,2,0,0,5,0,1,0,7,0,1,0,0,0,0,0,0,0,0,0,0,0,0,0,0,0,8,2,2,0,0,0,0,0,0,0,1,0,0,0,1,0,0,0,0,0,1,0,0,0,3,0,4,0,6,0,9,0,0,0,2,0,4,0,3,0,0,9,2,0,0,0,0,0,0,0,0
"Superior Temporal Gyrus, posterior division (R)",0,0,0,1,0,2,0,0,0,0,0,0,0,0,1,5,0,0,0,0,0,1,0,3,0,1,0,0,0,2,0,1,0,1,0,1,0,0,0,2,0,0,0,4,0,0,0,0,0,0,0,0,0,0,0,0,0,0,0,1,0,1,0,0,0,0,0,0,0,0,0,0,0,0,0,1,0,0,0,0,0,0,0,0,0,3,0,4,0,5,0,2,0,0,0,2,0,0,0,0,0,0,0,0,2,0,0,0,1,0,0
"Middle Temporal Gyrus, anterior division (L)",4,0,5,1,7,0,4,1,0,0,0,0,15,1,4,2,0,0,0,0,0,0,14,2,1,0,1,0,5,1,0,0,4,1,9,4,0,0,1,1,2,0,18,3,6,0,1,0,0,0,1,0,0,0,0,0,2,1,3,1,8,5,4,0,0,0,0,0,0,0,7,0,1,0,7,0,7,0,9,0,3,0,1,0,6,0,2,0,1,0,1,0,1,1,8,0,3,8,5,0,2,21,3,0,0,0,0,0,4,1,0
"Middle Temporal Gyrus, anterior division (R)",0,0,0,4,0,0,0,0,0,0,0,0,0,0,1,7,0,2,0,1,0,0,0,5,0,1,0,3,0,13,0,0,0,6,0,5,0,0,0,2,0,2,0,2,0,3,0,0,0,0,0,0,0,0,0,0,0,0,0,1,0,2,0,0,0,2,0,0,0,0,0,0,0,0,0,0,0,0,0,6,0,0,0,0,0,2,0,4,0,1,0,1,0,0,0,14,1,1,0,0,5,0,0,0,25,0,1,1,13,4,0
"Middle Temporal Gyrus, posterior division (L)",4,0,13,0,14,0,5,0,2,0,1,1,21,0,35,1,2,0,1,0,14,0,0,0,25,0,11,1,34,0,23,0,12,0,4,4,1,0,17,0,6,0,33,0,16,0,5,0,0,0,0,0,0,0,3,0,0,1,1,3,19,2,7,0,3,0,0,0,0,0,11,0,5,0,7,0,6,0,13,0,7,1,4,0,13,0,13,0,4,0,26,0,1,0,8,0,8,4,14,5,2,15,11,0,2,0,0,0,1,0,0
"Middle Temporal Gyrus, posterior division (R)",0,1,0,9,0,0,0,2,0,0,0,0,0,2,1,13,1,5,0,3,2,5,0,0,0,3,0,9,1,14,0,2,2,9,1,22,0,2,0,6,0,29,3,27,0,5,0,2,0,0,0,0,0,0,0,0,0,0,1,11,4,10,0,1,0,1,0,0,0,0,0,0,0,1,0,6,0,1,0,3,0,0,0,0,0,10,0,5,0,8,3,11,1,2,1,26,5,2,0,0,4,4,0,0,26,1,2,0,18,1,1
"Middle Temporal Gyrus, temporooccipital part (L)",1,0,2,1,0,0,1,0,0,0,1,0,9,0,8,0,0,0,0,0,1,0,25,0,0,0,4,0,36,0,13,0,5,0,4,2,0,0,7,0,15,0,23,0,11,0,0,0,0,0,0,0,0,0,0,0,0,0,0,0,3,0,1,0,0,0,0,0,0,0,1,0,3,0,10,0,9,0,3,0,5,0,1,0,1,0,1,0,1,0,6,0,0,0,3,0,5,4,2,0,2,4,3,0,0,0,0,0,0,0,0
"Middle Temporal Gyrus, temporooccipital part (R)",0,0,0,8,0,1,0,1,0,0,0,0,0,4,0,4,0,2,0,1,0,1,0,3,0,0,0,0,0,4,0,5,0,4,0,1,0,0,0,2,0,21,0,52,0,14,0,2,0,0,0,0,0,0,0,1,0,0,0,0,0,8,0,2,0,0,0,0,0,0,0,1,0,0,0,1,0,1,0,11,0,0,0,0,0,1,0,6,0,2,0,0,0,2,1,12,2,0,0,0,2,1,0,0,7,0,3,0,6,2,0
"Inferior Temporal Gyrus, anterior division (L)",4,0,3,1,5,0,4,0,3,0,1,0,9,0,10,0,0,0,0,0,1,0,11,0,4,0,0,0,18,0,22,0,7,0,0,3,1,0,4,0,2,0,17,0,11,0,3,0,0,0,0,0,0,0,0,0,1,0,1,0,11,1,1,0,1,0,1,0,1,0,9,0,2,0,13,0,4,0,15,0,4,0,3,0,2,0,1,0,0,0,9,0,0,0,4,0,3,4,7,1,2,11,12,0,0,0,1,0,3,0,0
"Inferior Temporal Gyrus, anterior division (R)",0,0,0,0,0,0,0,0,0,0,0,0,0,2,0,2,0,1,0,0,0,3,1,9,0,0,0,0,0,19,0,0,0,0,0,0,0,0,0,0,0,0,0,0,0,0,0,0,0,0,0,0,0,0,0,0,0,1,0,0,0,0,0,0,0,0,0,8,0,3,0,0,0,3,0,36,0,0,0,1,0,0,0,0,0,0,0,0,0,1,0,1,0,0,0,1,0,0,0,0,0,0,0,0,4,0,1,1,7,2,0
"Inferior Temporal Gyrus, posterior division (L)",9,1,18,2,17,0,10,0,5,0,7,0,41,0,35,0,2,0,3,0,5,0,34,1,36,0,18,0,0,0,53,0,15,1,10,6,3,0,16,1,22,0,71,4,31,0,26,0,0,0,1,0,0,0,0,0,3,2,6,2,34,8,9,0,4,0,1,0,0,0,27,0,28,0,37,0,14,0,46,0,14,0,6,0,7,0,10,0,1,0,21,1,0,0,47,0,12,9,29,6,8,41,25,0,2,3,0,1,6,1,0
"Inferior Temporal Gyrus, posterior division (R)",0,2,1,9,0,1,0,0,0,0,0,1,0,1,1,27,0,3,0,2,1,13,0,14,0,4,0,19,0,0,0,3,1,5,0,18,0,5,0,8,0,19,2,48,0,6,0,1,0,0,0,0,0,0,0,0,1,0,0,13,3,12,1,4,0,3,0,1,0,3,0,0,0,4,0,9,0,2,0,9,1,0,0,2,0,6,1,9,0,2,3,15,0,2,0,27,2,0,0,0,0,1,0,0,16,1,5,2,16,0,0
"Inferior Temporal Gyrus, temporooccipital part (L)",0,0,3,0,6,0,9,0,4,0,6,0,26,0,19,0,1,0,2,0,0,0,23,0,13,0,22,0,53,0,0,0,14,0,5,2,1,0,16,0,13,0,42,0,32,0,1,0,0,0,1,0,0,0,1,0,0,0,1,0,23,2,0,0,1,0,1,0,1,0,15,0,11,0,27,0,6,0,49,0,9,0,3,0,5,0,5,0,0,0,6,0,0,0,19,0,5,2,6,4,13,4,16,0,1,0,0,0,0,0,0
"Inferior Temporal Gyrus, temporooccipital part (R)",0,0,0,2,0,0,0,0,0,0,0,1,0,0,0,1,0,0,0,1,0,0,0,2,0,5,0,0,0,3,0,0,0,0,0,5,0,0,0,5,0,32,0,41,0,33,0,3,0,0,0,0,0,0,0,0,0,0,0,0,0,7,0,2,0,0,0,0,0,0,0,2,0,0,0,0,0,7,0,24,0,0,0,0,0,2,0,2,0,0,0,0,0,6,0,24,0,0,0,0,0,0,0,0,2,0,1,0,4,2,0
Postcentral Gyrus (L),8,0,43,1,39,1,45,0,6,0,10,3,179,6,17,0,2,0,0,0,4,0,12,2,5,0,7,0,15,1,14,0,0,28,37,12,18,1,33,0,23,0,43,1,10,0,3,0,0,0,13,4,1,0,0,2,12,5,21,14,20,12,2,0,7,0,1,0,0,0,3,0,2,0,11,0,4,0,7,0,22,1,24,0,57,1,5,0,2,0,15,0,0,0,3,0,99,76,112,42,165,31,89,0,19,1,4,3,2,2,0
Postcentral Gyrus (R),0,6,0,87,1,18,0,22,0,2,0,13,13,172,1,12,1,1,0,1,1,6,0,9,0,4,0,0,1,5,0,0,28,0,1,57,0,8,0,28,0,33,8,64,0,3,0,0,0,0,0,21,0,0,1,1,1,3,8,27,11,21,2,0,0,6,0,2,0,0,0,0,0,0,0,1,0,0,0,2,1,11,1,20,3,33,0,2,0,1,3,8,7,1,5,2,19,4,1,1,82,4,1,0,98,78,61,18,76,44,1
Superior Parietal Lobule (L),10,0,6,0,22,0,52,0,2,0,3,0,96,0,10,0,3,0,3,0,9,0,4,1,4,0,0,0,10,0,5,0,37,1,0,10,9,0,7,0,18,0,61,6,7,0,1,0,0,0,7,0,0,0,4,0,2,2,12,5,39,5,3,0,3,0,0,0,0,0,1,0,2,0,4,0,3,0,3,0,10,1,6,0,18,0,6,0,13,0,16,0,1,0,8,0,35,31,27,7,36,22,25,1,2,0,0,3,3,2,0
Superior Parietal Lobule (R),0,12,1,56,0,16,0,6,0,2,0,5,8,77,7,17,1,0,2,1,4,5,4,22,2,1,3,0,6,18,2,5,12,57,10,0,0,4,0,23,1,29,47,52,0,4,1,2,0,0,0,8,0,0,0,1,1,2,18,36,30,26,4,9,0,12,0,1,0,0,3,3,0,0,0,5,0,1,0,0,0,5,0,4,3,15,1,10,3,6,7,0,6,2,4,1,24,3,1,2,38,29,5,0,87,42,32,15,70,16,1
"Supramarginal Gyrus, anterior division (L)",0,0,3,0,2,0,0,0,0,0,0,0,12,0,1,0,0,0,0,0,0,0,1,0,0,0,1,0,3,0,1,0,18,0,9,0,0,0,7,0,12,0,1,0,0,0,0,0,0,0,0,0,0,0,0,0,0,0,0,0,1,0,0,0,1,0,0,0,0,0,0,0,0,0,0,0,0,0,0,0,1,0,10,0,5,0,0,0,0,0,1,0,0,0,0,0,1,2,8,2,0,2,1,0,0,0,0,0,0,0,0
"Supramarginal Gyrus, anterior division (R)",0,2,0,13,0,2,0,0,0,0,0,6,0,10,0,3,0,0,0,0,0,0,0,2,0,0,0,0,0,5,0,0,1,8,0,4,0,0,0,13,0,17,0,17,0,1,0,0,0,0,0,2,0,0,0,0,0,0,0,4,0,2,0,0,0,1,0,0,0,0,0,0,0,0,0,1,0,0,0,0,0,7,0,5,0,10,0,5,1,1,0,5,0,0,0,0,3,2,0,0,2,0,0,0,7,10,20,0,8,6,0
"Supramarginal Gyrus, posterior division (L)",6,0,5,0,7,0,9,0,1,0,0,0,59,0,8,0,4,0,5,0,1,0,17,0,7,0,4,0,16,0,16,0,33,0,7,0,7,0,0,0,13,0,21,0,6,0,2,0,0,0,1,0,0,0,1,0,0,0,2,1,11,0,0,0,3,0,0,0,0,0,2,0,3,0,1,0,2,0,6,0,18,0,6,0,19,0,0,0,8,0,13,0,0,0,3,0,3,5,11,3,2,10,15,0,0,0,0,0,0,0,0
"Supramarginal Gyrus, posterior division (R)",0,8,0,17,0,3,0,12,0,3,0,25,0,46,0,3,0,1,0,2,1,2,0,6,0,2,0,0,1,8,0,5,0,28,0,23,0,13,0,0,0,40,5,35,0,1,0,0,0,0,0,3,0,2,1,0,0,1,1,5,1,7,0,1,0,0,0,0,0,0,0,2,0,0,0,1,0,1,0,1,0,6,0,10,0,11,0,5,0,4,0,6,0,2,1,1,2,0,0,0,9,2,1,0,25,14,14,3,14,5,1
Angular Gyrus (L),3,0,6,0,5,0,10,0,1,0,5,0,42,0,13,0,0,0,1,0,2,0,6,0,15,0,2,0,22,0,13,0,23,0,18,1,12,0,13,0,0,0,28,3,12,0,1,0,0,0,0,0,0,0,0,0,1,0,1,0,17,3,0,0,2,0,1,0,0,0,0,0,0,0,5,0,3,0,5,0,9,0,8,0,14,0,8,0,5,0,9,0,1,0,8,0,4,4,8,0,1,6,7,0,0,0,0,0,0,0,0
Angular Gyrus (R),0,12,0,38,0,10,1,30,0,8,0,25,0,75,0,8,0,2,0,0,0,2,0,29,0,21,0,0,0,19,0,32,0,33,0,29,0,17,0,40,0,0,7,28,0,8,0,1,0,0,0,3,0,0,0,1,0,2,0,5,3,9,2,0,0,1,0,1,0,0,0,1,0,0,0,0,0,0,1,3,0,18,0,11,1,8,0,8,0,10,0,9,3,2,3,2,2,1,0,3,12,2,0,0,25,4,20,6,13,9,0
"Lateral Occipital Cortex, superior division (L)",23,0,34,4,57,0,58,0,3,0,2,0,104,2,97,0,15,0,7,0,18,0,33,3,23,0,17,0,71,2,42,0,43,8,61,47,1,0,21,5,28,7,0,102,83,0,17,0,0,0,4,0,0,0,9,0,13,3,26,19,82,32,21,9,11,0,0,0,1,0,21,0,11,1,20,0,29,0,52,1,5,1,6,0,17,2,25,0,48,0,57,0,5,6,40,0,101,36,32,24,59,96,106,1,20,2,0,6,13,2,0
"Lateral Occipital Cortex, superior division (R)",0,21,0,134,0,20,0,36,0,1,0,17,2,93,4,37,0,6,0,4,3,2,0,27,0,52,0,0,4,48,0,41,1,64,6,52,0,17,0,35,3,28,102,0,3,76,4,8,0,0,0,11,0,0,0,0,1,3,10,40,62,106,24,6,0,8,0,0,0,0,12,21,0,1,2,5,1,23,4,17,0,10,0,8,0,28,3,42,1,17,1,22,14,17,13,23,39,0,0,1,22,30,1,0,145,12,82,11,85,19,1
"Lateral Occipital Cortex, inferior division (L)",17,0,14,1,11,0,19,0,2,0,2,0,39,0,37,1,7,0,1,0,6,0,16,0,11,0,11,0,31,0,32,0,10,0,7,0,0,0,6,0,12,0,83,3,0,0,4,0,0,0,1,0,0,0,0,0,1,0,1,1,16,1,4,0,5,0,1,0,0,0,11,0,10,0,25,0,33,0,75,0,9,0,2,0,7,0,15,0,10,0,9,0,7,0,31,0,26,7,15,6,13,14,27,0,0,1,0,0,0,0,0
"Lateral Occipital Cortex, inferior division (R)",0,3,0,17,0,2,0,2,0,0,0,1,0,3,0,4,0,0,0,0,0,3,0,5,0,14,0,0,0,6,0,33,0,3,0,4,0,1,0,1,0,8,0,76,0,0,1,5,0,0,0,0,0,1,0,1,0,0,1,0,1,12,0,12,0,2,0,0,0,0,0,31,0,0,0,1,0,54,0,81,0,0,0,0,0,2,0,16,0,0,0,4,0,13,1,42,1,0,0,0,0,0,0,0,8,0,16,1,13,0,1
Intracalcarine Cortex (L),2,0,3,0,1,0,1,0,0,0,0,0,1,0,24,0,2,0,0,0,1,0,5,0,0,0,3,0,26,0,1,0,3,0,1,1,0,0,2,0,1,0,17,4,4,1,0,1,0,0,0,0,0,0,1,0,0,0,11,2,17,2,23,0,0,0,0,0,0,0,24,2,4,0,21,0,20,0,10,0,0,0,0,0,0,0,4,0,1,0,3,0,3,3,30,0,39,5,4,1,5,9,8,0,21,0,0,0,7,0,0
Intracalcarine Cortex (R),0,1,0,1,0,0,0,0,0,0,0,0,0,0,0,3,0,1,0,0,0,0,0,2,0,2,0,0,0,1,0,3,0,0,0,2,0,0,0,0,0,1,0,8,0,5,1,0,0,0,0,0,0,0,0,0,0,0,0,2,1,5,0,2,0,0,0,0,0,0,0,10,0,0,0,0,0,8,0,3,0,0,0,0,0,2,0,4,0,3,0,2,0,1,0,9,0,0,0,0,0,0,0,0,3,0,1,0,5,0,0
Frontal Medial Cortex (L),12,2,0,0,0,0,0,0,1,0,0,0,0,0,0,0,0,0,0,0,0,0,0,0,0,0,0,0,0,0,0,0,0,0,0,0,0,0,0,0,0,0,0,0,0,0,0,0,0,0,0,0,5,1,1,0,0,1,0,0,0,0,0,0,17,0,0,0,0,0,0,0,0,0,0,0,0,0,0,0,0,0,0,0,0,0,0,0,0,0,0,0,0,0,0,0,0,11,4,1,0,0,0,4,0,0,0,0,0,0,0
Frontal Medial Cortex (R),4,6,0,0,0,2,0,0,0,0,0,0,0,0,0,0,0,0,0,0,0,0,0,0,0,0,0,0,0,0,0,0,0,0,0,0,0,0,0,0,0,0,0,0,0,0,0,0,0,0,0,0,3,2,0,1,0,0,0,0,0,0,0,0,8,1,0,0,0,0,0,0,0,0,0,0,0,0,0,0,0,0,0,0,0,0,0,0,0,0,0,0,0,0,0,0,0,3,0,0,1,0,0,1,0,2,0,0,0,0,2
Juxtapositional Lobule Cortex (SMA) (L),10,3,5,1,47,4,8,1,0,0,2,0,59,2,1,0,0,0,0,0,1,0,0,0,0,0,0,0,1,0,1,0,13,0,7,0,0,0,1,0,0,0,4,0,1,0,0,0,0,0,0,7,0,0,9,0,36,12,1,0,10,1,0,0,1,0,0,0,0,0,0,0,0,0,0,0,0,0,0,0,12,3,8,0,1,0,0,0,1,0,0,0,0,0,1,0,48,139,11,17,27,2,8,0,5,2,2,0,0,0,0
Juxtapositional Lobule Cortex (SMA) (R),1,19,0,49,16,51,1,45,0,1,0,10,22,68,0,4,0,0,0,0,0,0,0,0,0,0,0,0,0,0,0,0,4,21,0,8,0,2,0,3,0,3,0,11,0,0,0,0,0,0,7,0,0,0,0,13,16,54,2,10,0,9,0,0,0,2,0,2,0,0,0,0,0,0,0,1,0,0,0,0,1,31,0,10,0,4,0,1,0,0,0,4,1,0,1,0,10,22,1,1,41,0,2,0,57,169,58,18,35,20,7
Subcallosal Cortex (L),5,24,1,0,0,0,1,0,0,0,0,0,0,0,0,0,0,0,0,0,0,0,0,0,0,0,0,0,0,0,0,0,1,0,0,0,0,0,0,0,0,0,0,0,0,0,0,0,5,3,0,0,0,0,0,1,2,0,0,0,0,0,0,0,5,1,0,0,0,0,0,0,0,0,0,0,0,0,0,0,0,0,0,0,0,0,0,0,0,0,1,0,0,0,0,0,7,7,5,2,0,0,0,3,2,1,0,0,0,1,1
Subcallosal Cortex (R),4,31,0,1,0,1,0,0,0,0,0,0,0,1,0,1,0,0,0,0,0,0,0,0,0,0,0,0,0,0,0,0,0,0,0,0,0,0,0,2,0,0,0,0,0,1,0,0,1,2,0,0,0,0,0,1,0,1,0,2,0,1,0,0,0,1,0,0,0,0,0,0,0,0,0,0,0,0,0,0,0,0,0,0,0,0,0,0,0,0,0,0,0,0,0,0,1,1,0,0,4,0,0,0,5,2,0,1,3,6,2
Paracingulate Gyrus (L),35,20,4,0,40,4,10,2,3,0,0,0,4,0,1,0,0,0,0,0,0,0,3,0,0,0,0,0,0,0,1,0,0,1,4,0,0,0,1,1,0,0,9,0,0,0,1,0,1,0,9,0,0,0,0,2,29,14,6,0,5,1,0,0,13,0,0,0,0,0,3,0,0,0,0,0,0,0,3,0,4,0,0,0,1,0,0,0,0,0,0,0,1,0,1,0,24,58,7,0,2,4,3,3,0,4,2,0,0,0,0
Paracingulate Gyrus (R),4,88,0,18,9,39,1,23,0,2,0,4,4,4,0,1,0,0,0,0,0,0,0,0,0,1,0,0,0,0,0,0,2,1,0,1,0,0,0,0,0,1,0,0,0,1,0,0,0,1,0,13,1,1,2,0,2,35,0,3,0,1,0,0,2,4,0,0,0,1,0,0,0,0,0,0,0,0,0,0,0,42,0,3,0,0,0,0,0,0,0,0,0,0,0,0,2,29,0,0,9,1,0,0,23,106,33,3,4,13,4
"Cingulate Gyrus, anterior division (L)",41,24,5,0,68,8,17,4,2,0,2,1,74,6,3,0,0,0,0,0,2,0,0,0,0,0,1,0,3,1,0,0,12,1,2,1,0,0,0,0,1,0,13,1,1,0,0,0,0,0,36,16,2,0,29,2,0,41,97,5,14,1,2,0,8,1,0,0,0,0,0,0,1,0,0,0,0,0,0,0,12,2,6,0,0,1,0,0,1,0,0,0,1,0,0,0,24,70,6,6,7,13,6,0,7,14,2,0,0,0,0
"Cingulate Gyrus, anterior division (R)",18,90,5,10,36,70,8,42,1,2,0,12,25,42,0,2,0,0,0,0,1,0,1,0,0,0,0,1,2,0,0,0,5,3,2,2,0,0,0,1,0,2,3,3,0,0,0,0,1,0,12,54,0,1,14,35,41,0,8,71,0,54,0,0,5,1,0,0,0,1,0,1,0,0,0,0,0,0,0,0,2,39,0,1,1,1,0,0,0,0,0,0,0,0,0,1,5,39,2,1,2,4,1,0,17,47,25,4,10,5,3
"Cingulate Gyrus, posterior division (L)",1,0,1,1,4,1,1,2,1,0,0,0,17,4,5,1,0,0,0,0,3,0,1,1,0,0,1,0,6,0,1,0,21,8,12,18,0,0,2,1,1,0,26,10,1,1,11,0,0,0,1,2,0,0,6,0,97,8,0,22,65,20,32,2,0,0,1,0,5,0,3,0,1,0,2,0,1,0,1,1,0,1,0,0,1,1,3,0,1,0,3,0,8,2,9,0,19,39,1,2,8,39,5,0,13,0,0,0,2,0,0
"Cingulate Gyrus, posterior division (R)",0,7,0,17,4,14,1,4,0,3,0,1,3,42,2,2,0,0,0,1,1,1,3,11,0,0,0,0,2,13,0,0,14,27,5,36,0,4,1,5,0,5,19,40,1,0,2,2,0,0,0,10,0,2,0,3,5,71,22,0,39,98,1,8,0,2,0,0,0,2,0,7,0,0,1,4,0,0,0,0,0,15,1,1,1,5,1,4,0,1,3,6,2,14,2,2,16,5,3,0,11,16,2,0,31,23,8,5,36,5,0
Precuneous Cortex (L),13,0,30,2,47,0,8,0,0,0,0,1,44,2,38,0,1,0,8,0,8,0,19,4,3,0,11,0,34,3,23,0,20,11,39,30,1,0,11,1,17,3,82,62,16,1,17,1,0,0,10,0,0,0,5,0,14,0,65,39,0,18,29,5,14,0,2,1,2,0,19,3,4,0,19,0,21,0,14,0,2,1,4,0,13,2,14,0,15,0,30,2,10,4,34,0,131,41,37,17,127,133,74,3,39,2,2,4,19,0,0
Precuneous Cortex (R),1,7,0,30,2,16,0,3,0,0,0,7,4,34,8,1,2,0,2,1,5,2,2,10,0,8,1,0,8,12,2,7,12,21,5,26,0,2,0,7,3,9,32,106,1,12,2,5,0,0,1,9,0,1,1,1,1,54,20,98,18,0,3,17,2,1,0,1,0,2,1,16,1,0,2,0,0,6,0,13,0,5,2,1,1,7,2,3,2,0,2,3,3,16,5,6,18,9,0,2,23,22,6,0,95,50,20,4,43,14,0
Cuneal Cortex (L),4,0,4,2,0,0,1,0,0,0,0,0,3,0,13,0,0,0,2,0,4,0,7,0,1,0,1,0,9,1,0,0,2,2,3,4,0,0,0,0,0,2,21,24,4,0,23,0,0,0,0,0,0,0,0,0,2,0,32,1,29,3,0,2,2,0,1,0,0,0,21,0,1,0,3,0,5,0,14,0,0,1,0,0,1,0,7,0,8,0,4,1,13,7,34,0,46,5,2,5,10,13,15,0,18,0,0,0,12,0,0
Cuneal Cortex (R),0,0,0,9,0,0,0,0,0,0,0,0,0,2,0,3,0,0,0,0,0,0,0,1,0,2,0,0,0,4,0,2,0,0,0,9,0,0,0,1,0,0,9,6,0,12,0,2,0,0,0,0,0,0,0,0,0,0,2,8,5,17,2,0,0,0,0,0,0,1,2,7,0,0,0,2,0,3,1,2,0,0,0,0,0,0,0,3,0,0,0,1,0,0,1,2,8,0,0,0,1,3,0,0,23,0,3,3,7,0,0
Frontal Orbital Cortex (L),73,32,28,0,23,0,13,0,1,0,1,0,19,0,3,0,1,0,0,0,0,0,3,0,0,0,1,0,4,0,1,0,7,0,3,0,1,0,3,0,2,0,11,0,5,0,0,0,17,8,1,0,5,0,13,2,8,5,0,0,14,2,2,0,0,2,2,0,0,0,4,0,0,0,2,0,2,0,3,0,3,1,1,0,5,0,0,0,0,0,3,0,1,0,2,0,34,37,47,11,15,9,9,10,0,2,1,0,0,1,0
Frontal Orbital Cortex (R),5,54,0,8,0,9,0,6,0,2,0,2,0,13,0,10,0,1,0,0,0,2,0,1,0,0,0,0,0,3,0,0,0,6,0,12,0,1,0,0,0,1,0,8,0,2,0,0,0,1,0,2,1,1,0,4,1,1,0,2,0,1,0,0,2,0,0,0,0,1,0,0,0,1,0,2,0,0,0,2,0,1,0,1,0,1,0,1,0,0,0,0,0,1,0,9,0,7,0,1,1,1,0,0,24,21,33,2,15,7,5
"Parahippocampal Gyrus, anterior division (L)",0,0,1,0,0,0,0,0,0,0,0,0,0,0,2,0,0,0,0,0,0,0,0,0,0,0,1,0,1,0,1,0,1,0,0,0,0,0,0,0,1,0,0,0,1,0,0,0,0,0,0,0,0,0,0,0,0,0,1,0,2,0,1,0,2,0,0,0,15,0,0,0,2,0,8,0,0,0,2,0,0,0,0,0,0,0,0,0,0,0,0,0,0,0,0,0,6,1,0,1,1,11,1,0,1,0,1,0,0,0,0
"Parahippocampal Gyrus, anterior division (R)",0,1,0,1,0,0,0,1,0,0,0,1,0,10,0,3,0,1,0,0,0,0,0,0,0,0,0,8,0,1,0,0,0,2,0,1,0,0,0,0,0,1,0,0,0,0,0,0,0,0,0,2,0,0,0,0,0,0,0,0,1,1,0,0,0,0,0,0,0,5,0,1,0,2,0,2,0,2,0,0,0,0,0,0,0,0,0,0,0,0,0,0,0,0,0,0,0,0,0,0,3,0,0,0,3,1,2,1,3,1,0
"Parahippocampal Gyrus, posterior division (L)",0,0,0,0,0,0,0,0,0,0,0,0,0,0,1,0,0,0,0,0,0,0,0,0,0,0,1,0,0,0,1,0,0,0,0,0,0,0,0,0,0,0,1,0,0,0,0,0,0,0,0,0,0,0,0,0,0,0,5,0,2,0,0,0,0,0,15,0,0,0,2,1,0,0,3,0,0,0,1,0,0,0,0,0,0,0,0,0,0,0,1,0,0,0,0,0,5,0,0,0,0,21,2,0,0,0,0,0,0,0,0
"Parahippocampal Gyrus, posterior division (R)",0,1,0,2,0,0,0,1,0,0,0,0,0,0,0,2,0,0,0,0,0,0,0,0,0,0,0,3,0,3,0,0,0,0,0,0,0,0,0,0,0,0,0,0,0,0,0,0,0,0,0,0,0,0,0,1,0,1,0,2,0,2,0,1,0,1,0,5,0,0,0,4,0,1,0,12,0,0,0,0,0,0,0,0,0,0,0,1,0,0,0,1,0,0,0,0,0,0,0,0,1,0,0,0,4,0,2,1,6,1,0
Lingual Gyrus (L),3,0,4,1,0,0,2,0,0,0,0,0,5,0,26,0,0,0,1,0,7,0,11,0,1,0,9,0,27,0,15,0,3,0,1,3,0,0,2,0,0,0,21,12,11,0,24,0,0,0,0,0,0,0,3,0,0,0,3,0,19,1,21,2,4,0,0,0,2,0,0,0,4,0,21,0,23,0,49,0,0,0,0,0,1,0,4,0,0,0,3,0,4,2,51,0,42,8,4,5,35,32,19,0,6,0,0,0,1,0,0
Lingual Gyrus (R),0,2,0,2,0,0,0,0,0,0,0,0,0,1,0,1,0,0,0,0,0,0,0,0,0,1,0,0,0,0,0,2,0,0,0,3,0,0,0,2,0,1,0,21,0,31,2,10,0,0,0,0,0,0,0,0,0,1,0,7,3,16,0,7,0,0,0,1,1,4,0,0,0,0,0,3,0,26,0,24,0,0,0,0,0,0,1,3,0,0,0,0,1,13,1,14,3,0,0,0,33,1,0,0,6,0,2,0,13,1,0
"Temporal Fusiform Cortex, anterior division (L)",0,0,1,0,1,0,1,0,0,0,0,0,3,0,9,0,1,0,0,0,1,0,5,0,3,0,2,0,28,0,11,0,2,0,2,0,0,0,3,0,0,0,11,0,10,0,4,0,0,0,0,0,0,0,0,0,1,0,1,0,4,1,1,0,0,0,2,0,0,0,4,0,0,0,11,0,2,0,5,0,0,0,0,0,0,0,2,0,0,0,1,0,0,0,5,0,2,1,11,2,3,6,6,0,0,0,0,1,0,1,0
"Temporal Fusiform Cortex, anterior division (R)",0,0,0,1,0,0,0,0,0,0,0,0,0,0,0,4,0,0,0,0,0,0,0,1,0,0,0,3,0,4,0,0,0,0,0,0,0,0,0,0,0,0,1,1,0,0,0,0,0,0,0,0,0,0,0,0,0,0,0,0,0,0,0,0,0,1,0,2,0,1,0,0,0,0,0,2,0,0,0,0,0,0,0,0,0,0,0,0,0,0,0,0,0,0,0,0,0,0,0,0,2,0,0,0,1,1,3,1,2,1,0
"Temporal Fusiform Cortex, posterior division (L)",9,0,6,2,8,0,3,0,1,0,0,0,6,0,43,1,1,0,1,0,7,0,7,0,10,0,13,0,37,0,27,0,11,0,4,0,0,0,1,0,5,0,20,2,25,0,21,0,0,0,0,0,0,0,0,0,0,0,2,1,19,2,3,0,2,0,8,0,3,0,21,0,11,0,0,0,15,0,41,0,0,0,0,0,5,0,2,0,2,0,3,0,0,0,31,0,3,4,10,2,8,27,3,0,1,0,0,1,0,0,0
"Temporal Fusiform Cortex, posterior division (R)",0,6,0,8,0,0,0,0,0,0,0,0,0,2,0,37,0,1,0,1,0,0,0,6,0,1,0,36,0,9,0,0,0,1,0,5,0,1,0,1,0,0,0,5,0,1,0,0,0,0,0,1,0,0,0,0,0,0,0,4,0,0,0,2,0,2,0,2,0,12,0,3,0,2,0,0,0,4,0,2,0,0,0,0,0,1,0,0,0,1,0,4,0,0,0,5,0,0,0,0,0,1,0,0,16,2,5,4,10,9,0
Temporal Occipital Fusiform Cortex (L),6,0,2,0,1,0,1,0,0,0,2,0,6,0,14,0,0,0,0,0,7,0,6,0,9,0,4,0,14,0,6,0,4,0,3,0,0,0,2,0,3,0,29,1,33,0,20,0,0,0,0,0,0,0,0,0,0,0,1,0,21,0,5,0,2,0,0,0,0,0,23,0,2,0,15,0,0,0,91,0,0,0,3,0,0,0,2,0,0,0,1,0,0,0,22,0,0,6,4,5,39,5,4,0,0,0,0,0,2,0,0
Temporal Occipital Fusiform Cortex (R),0,1,0,7,0,0,0,1,0,0,0,0,0,0,0,0,0,0,0,0,0,0,0,1,0,1,0,0,0,2,0,7,0,0,0,1,0,0,0,1,0,0,0,23,0,54,0,8,0,0,0,0,0,0,0,0,0,0,0,0,0,6,0,3,0,0,0,2,0,0,0,26,0,0,0,4,0,0,0,154,0,0,0,0,0,0,0,1,0,0,0,1,0,4,0,31,0,0,0,0,6,0,0,0,8,0,4,1,13,0,0
Occipital Fusiform Gyrus (L),2,0,6,0,2,0,15,0,0,0,0,0,9,0,23,0,0,0,0,0,9,0,13,0,3,0,15,0,46,0,49,0,7,0,3,0,0,0,6,0,5,1,52,4,75,0,10,0,0,0,0,0,0,0,3,0,0,0,1,0,14,0,14,1,3,0,2,0,1,0,49,0,5,0,41,0,91,0,0,0,2,0,2,0,1,0,7,0,7,0,2,0,5,1,45,0,28,5,8,5,9,12,12,0,4,0,0,0,1,0,0
Occipital Fusiform Gyrus (R),0,5,0,20,0,0,0,1,0,2,0,0,0,0,0,6,0,1,0,0,0,6,0,3,0,11,0,1,0,9,0,24,0,2,0,0,0,0,0,1,0,3,1,17,0,81,0,3,0,0,0,0,0,0,0,0,0,0,1,0,0,13,0,2,0,2,0,0,0,0,0,24,0,0,0,2,0,154,0,0,0,0,0,0,0,0,0,14,0,1,0,3,0,4,0,54,1,0,0,0,1,0,0,0,7,0,8,0,14,1,1
Frontal Operculum Cortex (L),7,8,1,0,75,2,27,1,0,0,2,0,40,0,1,0,0,0,1,0,3,0,7,0,5,0,4,0,14,1,9,0,22,1,10,0,1,0,18,0,9,0,5,0,9,0,0,0,0,0,12,1,0,0,4,0,12,2,0,0,2,0,0,0,3,0,0,0,0,0,0,0,0,0,0,0,0,0,2,0,0,2,18,0,9,0,0,0,0,0,12,0,0,0,0,0,13,27,10,3,9,2,2,0,1,3,1,0,0,0,0
Frontal Operculum Cortex (R),2,25,1,9,6,144,1,48,0,1,0,4,2,58,1,1,0,0,0,0,0,0,1,0,0,0,0,0,0,0,0,0,1,11,1,5,0,7,0,6,0,18,1,10,0,0,0,0,0,0,3,31,0,0,0,42,2,39,1,15,1,5,1,0,1,1,0,0,0,0,0,0,0,0,0,0,0,0,0,0,2,0,0,27,0,13,0,0,0,8,1,0,0,0,0,0,2,17,0,0,9,0,0,0,31,77,23,5,4,10,5
Central Opercular Cortex (L),2,0,9,1,23,0,9,0,0,0,1,0,48,0,1,0,1,0,0,0,1,0,4,0,1,0,3,0,6,0,3,0,24,1,6,0,10,0,6,0,8,0,6,0,2,0,0,0,0,0,8,0,0,0,0,0,6,0,0,1,4,2,0,0,1,0,0,0,0,0,0,0,0,0,0,0,3,0,2,0,18,0,0,0,12,0,3,0,0,0,6,1,0,0,1,0,6,15,12,4,6,3,4,0,1,0,1,0,0,0,0
Central Opercular Cortex (R),0,7,0,17,0,8,0,15,0,14,0,17,1,64,0,1,0,0,0,0,0,0,0,0,0,0,0,0,0,2,0,0,0,20,0,4,0,5,0,10,0,11,0,8,0,0,0,0,0,0,0,10,0,0,0,3,0,1,0,1,0,1,0,0,0,1,0,0,0,0,0,0,0,0,0,0,0,0,0,0,0,27,0,0,0,21,0,1,0,9,0,3,0,0,0,0,1,0,0,0,6,0,0,0,21,9,17,5,7,5,1
Parietal Operculum Cortex (L),8,0,25,0,6,0,6,0,0,0,3,0,17,0,16,0,3,0,3,0,6,0,13,0,1,0,2,0,7,0,5,0,57,3,18,3,5,0,19,0,14,1,17,0,7,0,0,0,0,0,1,0,0,0,1,0,0,1,1,1,13,1,1,0,5,0,0,0,0,0,1,0,0,0,5,0,0,0,1,0,9,0,12,0,0,2,2,0,7,0,11,0,0,0,1,0,10,6,17,4,8,15,8,0,2,0,0,1,1,0,0
Parietal Operculum Cortex (R),0,16,0,27,0,7,0,8,0,1,0,15,0,35,0,8,0,4,0,3,0,2,0,10,0,1,0,0,0,6,0,2,1,33,0,15,0,10,0,11,0,8,2,28,0,2,0,2,0,0,0,4,0,0,0,0,1,1,1,5,2,7,0,0,0,1,0,0,0,0,0,0,0,0,0,1,0,0,0,0,0,13,0,21,2,0,0,9,0,13,0,7,0,1,0,2,8,0,0,0,5,2,2,0,22,16,14,8,15,7,1
Planum Polare (L),7,0,4,1,1,0,1,0,0,0,0,0,5,0,47,0,5,0,4,0,2,0,13,0,1,0,1,0,10,1,5,0,5,0,6,1,0,0,0,0,8,0,25,3,15,0,4,0,0,0,0,0,0,0,0,0,0,0,3,1,14,2,7,0,0,0,0,0,0,0,4,1,2,0,2,0,2,0,7,0,0,0,3,0,2,0,0,0,2,0,13,0,0,0,11,0,13,2,10,2,2,17,7,1,0,0,0,0,0,0,0
Planum Polare (R),0,4,0,7,0,0,0,1,0,0,0,2,1,1,0,22,0,0,0,4,0,4,0,5,0,6,0,0,0,9,0,2,0,2,0,10,0,5,0,5,0,8,0,42,0,16,0,4,0,0,0,1,0,0,0,0,0,0,0,4,0,3,0,3,0,1,0,0,0,1,0,3,0,0,0,0,0,1,0,14,0,0,0,1,0,9,0,0,0,4,0,8,0,8,0,44,1,0,0,0,9,1,1,0,34,0,2,1,29,7,0
Heschl's Gyrus (includes H1 and H2) (L),2,0,0,0,0,0,0,0,0,0,0,0,3,0,8,0,3,0,6,0,1,0,4,0,1,0,0,0,1,0,0,0,2,0,13,3,0,1,8,0,5,0,48,1,10,0,1,0,0,0,1,0,0,0,0,0,1,0,1,0,15,2,8,0,0,0,0,0,0,0,0,0,0,0,2,0,0,0,7,0,0,0,0,0,7,0,2,0,0,0,6,0,1,0,13,0,16,0,4,1,5,9,2,0,0,0,0,2,2,0,0
Heschl's Gyrus (includes H1 and H2) (R),0,1,0,9,0,3,0,3,0,1,0,4,0,4,0,8,0,6,0,5,0,1,0,8,0,2,0,1,0,2,0,0,0,1,0,6,0,1,0,4,0,10,0,17,0,0,0,3,0,0,0,0,0,0,0,0,0,0,0,1,0,0,0,0,0,0,0,0,0,0,0,0,0,0,0,1,0,0,0,1,0,8,0,9,0,13,0,4,0,0,0,15,0,1,0,5,0,0,0,0,12,0,0,0,10,1,4,0,11,1,1
Planum Temporale (L),5,0,6,4,2,0,7,0,0,0,3,0,7,4,25,0,4,0,9,0,1,0,26,3,6,0,9,0,21,3,6,0,15,3,16,7,1,0,13,0,9,0,57,1,9,0,3,0,0,0,0,0,1,0,0,0,0,0,3,3,30,2,4,0,3,0,0,0,1,0,3,0,1,0,3,0,1,0,2,0,12,1,6,0,11,0,13,0,6,0,0,0,3,0,8,0,31,2,13,3,15,12,9,0,3,0,0,2,4,0,0
Planum Temporale (R),0,3,0,14,0,0,0,1,0,0,0,0,0,10,1,4,0,4,0,2,0,1,0,11,0,0,0,1,1,15,0,0,0,8,0,0,0,5,0,6,0,9,0,22,0,4,0,2,0,0,0,4,0,0,0,0,0,0,0,6,2,3,1,1,0,0,0,0,0,1,0,0,0,0,0,4,0,1,0,3,0,0,1,3,0,7,0,8,0,15,0,0,0,1,1,9,3,0,0,0,3,1,0,0,14,1,5,4,16,1,0
Supracalcarine Cortex (L),0,1,0,0,1,0,0,0,0,0,0,0,2,0,4,0,1,0,0,0,1,0,1,1,0,0,0,0,0,0,0,0,0,7,1,6,0,0,0,0,1,3,5,14,7,0,3,0,0,0,0,1,0,0,1,0,1,0,8,2,10,3,13,0,1,0,0,0,0,0,4,1,0,0,0,0,0,0,5,0,0,0,0,0,0,0,0,0,1,0,3,0,0,1,9,0,5,0,2,1,1,4,5,0,10,0,0,0,6,0,0
Supracalcarine Cortex (R),0,0,0,10,0,0,0,0,0,0,0,0,0,1,0,3,0,1,0,0,1,0,0,2,0,2,0,0,0,2,0,6,0,1,0,2,0,0,0,2,0,2,6,17,0,13,3,1,0,0,0,0,0,0,0,0,0,0,2,14,4,16,7,0,0,1,0,0,0,0,2,13,0,0,0,0,0,4,1,4,0,0,0,0,0,1,0,8,0,1,0,1,1,0,11,6,6,0,0,0,3,2,0,0,21,0,4,1,21,0,0
Occipital Pole (L),3,0,6,1,2,0,10,0,1,0,0,0,11,0,52,0,5,0,2,0,8,0,8,1,3,1,4,0,47,0,19,0,3,5,8,4,0,0,3,1,8,3,40,13,31,1,30,0,0,0,1,1,0,0,1,0,0,0,9,2,34,5,34,1,2,0,0,0,0,0,51,1,5,0,31,0,22,0,45,0,0,0,1,0,1,0,11,0,13,0,8,1,9,11,0,1,109,5,2,4,7,24,38,0,19,0,0,0,11,0,0
Occipital Pole (R),0,12,0,51,0,3,0,1,0,0,0,1,0,5,1,23,0,1,0,2,0,14,0,26,0,12,0,1,0,27,0,24,0,2,0,1,0,0,0,1,0,2,0,23,0,42,0,9,0,0,0,0,0,0,0,0,0,1,0,2,0,6,0,2,0,9,0,0,0,0,0,14,0,0,0,5,0,31,0,54,0,0,0,0,0,2,0,44,0,5,0,9,0,6,1,0,1,1,0,0,5,1,0,0,19,2,18,4,21,5,2
Thalamus (L),120,5,30,11,142,3,46,2,8,1,0,2,224,23,20,1,4,0,4,0,3,1,8,5,5,2,3,0,12,2,5,0,99,19,35,24,1,3,3,2,4,2,101,39,26,1,39,0,0,0,48,10,7,1,24,2,24,5,19,16,131,18,46,8,34,0,6,0,5,0,42,3,2,0,3,0,0,0,28,1,13,2,6,1,10,8,13,1,16,0,31,3,5,6,109,1,0,112,96,31,246,134,77,34,25,13,6,2,19,2,1
Caudate (L),138,118,27,4,338,23,86,22,8,0,7,2,370,18,8,0,0,0,0,0,8,1,4,2,4,0,4,0,9,0,2,0,76,4,31,3,2,2,5,0,4,1,36,0,7,0,5,0,11,3,139,22,7,1,58,29,70,39,39,5,41,9,5,0,37,7,1,0,0,0,8,0,1,0,4,0,6,0,5,0,27,17,15,0,6,0,2,0,0,0,2,0,0,0,5,1,112,0,64,18,44,23,46,12,11,11,6,0,0,1,1
Putamen (L),69,2,40,0,84,0,34,0,1,0,4,0,183,1,23,0,3,0,3,0,5,0,14,0,2,0,7,0,29,0,6,0,112,1,27,1,8,0,11,0,8,0,32,0,15,0,4,0,4,0,11,1,5,0,7,0,6,2,1,3,37,0,2,0,47,0,0,0,0,0,4,0,11,0,10,0,4,0,8,0,10,0,12,0,17,0,10,0,4,0,13,0,2,0,2,0,96,64,0,19,68,26,46,11,3,0,2,1,3,0,0
Pallidum (L),29,0,20,0,35,2,10,1,0,0,1,1,200,1,4,0,0,0,0,0,0,0,5,0,0,0,1,0,6,0,4,0,42,1,7,2,2,0,3,0,0,3,24,1,6,0,1,0,1,0,17,1,2,0,0,0,6,1,2,0,17,2,5,0,11,1,1,0,0,0,5,0,2,0,2,0,5,0,5,0,3,0,4,0,4,0,2,0,1,0,3,0,1,0,4,0,31,18,19,0,62,13,15,3,0,0,0,0,2,1,0
Brain-Stem,28,19,48,16,69,27,32,18,3,0,5,8,354,245,6,11,1,0,0,0,2,5,2,4,2,2,2,0,8,0,13,0,165,82,36,38,0,2,2,9,1,12,59,22,13,0,5,0,0,1,27,41,0,4,2,9,7,2,8,11,127,23,10,1,15,1,1,3,0,1,35,33,3,2,8,0,39,6,9,1,9,9,6,6,8,5,2,9,5,12,15,3,1,3,7,5,246,44,68,62,0,46,40,1,139,53,37,26,165,48,13
Hippocampus (L),17,2,21,3,17,0,8,0,1,1,1,0,50,1,50,1,5,0,9,0,21,0,15,4,4,1,11,0,41,1,4,0,31,4,22,29,2,0,10,2,6,2,96,30,14,0,9,0,0,0,2,0,0,0,4,1,13,4,39,16,133,22,13,3,9,1,11,0,21,0,32,1,6,0,27,1,5,0,12,0,2,0,3,0,15,2,17,1,9,0,12,1,4,2,24,1,134,23,26,13,46,0,46,5,9,0,5,0,12,0,0
Amygdala (L),56,1,28,1,29,1,11,1,1,0,0,0,279,0,13,0,3,0,2,0,3,0,11,0,3,0,12,0,25,0,16,0,89,1,25,5,1,0,15,1,7,0,106,1,27,0,8,0,0,0,8,2,0,0,3,0,6,1,5,2,74,6,15,0,9,0,1,0,2,0,19,0,6,0,3,0,4,0,12,0,2,0,4,0,8,2,7,1,2,0,9,0,5,0,38,0,77,46,46,15,40,46,0,5,3,1,1,1,3,0,0
Accumbens (L),27,0,2,0,3,0,3,0,0,0,0,0,5,0,0,0,0,0,0,0,0,0,0,0,0,0,0,0,0,0,0,0,0,0,1,0,0,0,0,0,0,0,1,0,0,0,0,0,4,1,0,0,3,0,3,0,0,0,0,0,3,0,0,0,10,0,0,0,0,0,0,0,0,0,0,0,0,0,0,0,0,0,0,0,0,0,1,0,0,0,0,0,0,0,0,0,34,12,11,3,1,5,5,0,7,1,0,0,0,2,0
Thalamus (R),5,112,4,60,6,58,1,48,1,1,2,19,15,180,1,51,0,2,0,2,0,25,2,26,0,7,0,4,2,16,1,2,19,98,2,87,0,7,0,25,0,25,20,145,0,8,21,3,0,0,5,57,2,5,0,23,7,17,13,31,39,95,18,23,0,24,1,3,0,4,6,6,0,1,1,16,0,8,4,7,1,31,1,21,2,22,0,34,0,10,3,14,10,21,19,19,25,11,3,0,139,9,3,7,0,138,94,49,137,51,28
Caudate (R),14,247,3,53,14,141,3,128,0,4,0,22,8,255,1,8,0,0,0,0,0,0,0,1,0,0,0,0,3,1,0,0,1,78,0,42,0,10,0,14,0,4,2,12,1,0,0,0,0,2,2,169,1,2,4,106,14,47,0,23,2,50,0,0,2,21,0,1,0,0,0,0,0,1,0,2,0,0,0,0,3,77,0,9,0,16,0,0,0,1,0,1,0,0,0,2,13,11,0,0,53,0,1,1,138,0,67,16,31,71,30
Putamen (R),3,162,0,56,6,107,0,31,0,6,0,15,1,186,3,40,2,0,0,0,0,1,0,2,0,3,1,1,0,5,0,1,4,61,0,32,0,20,0,14,0,20,0,82,0,16,0,1,0,0,2,58,0,0,2,33,2,25,0,8,2,20,0,3,1,33,1,2,0,2,0,2,0,3,0,5,0,4,0,8,1,23,1,17,0,14,0,2,0,4,0,5,0,4,0,18,6,6,2,0,37,5,1,0,94,67,0,14,47,41,8
Pallidum (R),0,28,1,12,0,18,0,7,0,0,0,10,0,62,0,24,1,0,0,0,0,1,0,0,0,0,0,1,1,2,0,0,3,18,3,15,0,0,0,3,0,6,6,11,0,1,0,0,0,0,0,18,0,1,0,3,0,4,0,5,4,4,0,3,0,2,0,1,0,1,0,0,1,1,1,4,0,1,0,0,0,5,0,5,1,8,0,1,2,0,2,4,0,1,0,4,2,0,1,0,26,0,1,0,49,16,14,0,15,8,10
Hippocampus (R),0,19,0,62,1,23,1,7,0,0,0,11,4,124,1,71,2,0,0,1,4,13,1,18,0,6,3,7,6,16,0,4,2,76,3,70,0,8,0,14,0,13,13,85,0,13,7,5,0,0,0,35,0,3,0,4,0,10,2,36,19,43,12,7,0,15,0,3,0,6,1,13,0,2,0,10,2,13,1,14,0,4,0,7,1,15,0,29,2,11,4,16,6,21,11,21,19,0,3,2,165,12,3,0,137,31,47,15,0,23,7
Amygdala (R),1,48,0,13,0,45,0,12,0,1,0,12,1,105,0,62,0,2,0,0,1,4,0,1,0,2,0,2,1,0,0,2,2,44,2,16,0,6,0,5,0,9,2,19,0,0,0,0,0,0,0,20,1,6,0,13,0,5,0,5,0,14,0,0,1,7,0,1,0,1,0,1,1,1,0,9,0,0,0,1,0,10,0,5,0,7,0,7,0,1,0,1,0,0,0,5,2,1,0,1,48,0,0,2,51,71,41,8,23,0,11
Accumbens (R),0,41,0,4,0,1,0,10,0,0,0,3,0,15,0,0,0,0,0,0,0,0,0,1,0,0,0,0,0,0,0,0,0,1,0,1,0,0,0,1,0,0,0,1,0,1,0,0,0,2,0,7,1,2,0,4,0,3,0,0,0,0,0,0,0,5,0,0,0,0,0,0,0,0,0,0,0,0,0,1,0,5,0,1,0,1,0,0,0,1,0,0,0,0,0,2,1,1,0,0,13,0,0,0,28,30,8,10,7,11,0
