atlas_id,structure,C1,C2,C3,C4,C5,C6,C7,C8,T1,T2,T3,T4,T5,T6,T7,T8,T9,T10,T11,T12,L1,L2,L3,L4,L5,S1,S2,S3,S4,S5
0,WM left fasciculus gracilis,3.441,2.965,3.027,3.64,4.146,4.511,3.95,3.1,2.761,2.549,2.321,2.353,2.514,2.37,2.488,2.669,2.97,3.379,3.752,3.883,3.713,3.489,2.661,1.909,1.335,0.819,0.269,0.0,0.0,0.0
1,WM right fasciculus gracilis,3.444,2.967,3.029,3.642,4.148,4.515,3.953,3.102,2.764,2.551,2.322,2.355,2.517,2.372,2.487,2.652,2.97,3.379,3.752,3.883,3.713,3.489,2.661,1.909,1.335,0.819,0.269,0.0,0.0,0.0
2,WM left fasciculus cuneatus,6.425,5.683,5.529,5.05,5.077,5.142,4.69,3.792,3.245,2.71,2.44,2.265,2.069,1.953,1.984,2.262,2.207,1.692,1.418,1.36,1.537,1.723,1.372,1.273,0.937,0.604,0.202,0.0,0.0,0.0
3,WM right fasciculus cuneatus,6.435,5.689,5.536,5.057,5.083,5.147,4.696,3.797,3.248,2.711,2.441,2.269,2.073,1.957,1.988,2.266,2.207,1.692,1.418,1.36,1.537,1.723,1.372,1.273,0.937,0.604,0.202,0.0,0.0,0.0
4,WM left lateral corticospinal tract,3.926,3.487,3.725,4.228,5.041,5.135,4.598,3.866,3.123,2.864,3.034,2.759,2.766,2.546,2.318,2.307,2.455,2.383,2.741,2.567,2.539,3.093,3.222,2.87,2.109,1.247,0.433,0.0,0.0,0.0
5,WM right lateral corticospinal tract,3.926,3.488,3.727,4.229,5.041,5.135,4.6,3.866,3.123,2.865,3.034,2.76,2.766,2.545,2.319,2.306,2.454,2.384,2.743,2.567,2.539,3.093,3.222,2.87,2.109,1.247,0.433,0.0,0.0,0.0
6,WM left ventral spinocerebellar tract,2.384,2.142,2.195,2.212,2.435,2.455,2.151,1.622,1.476,1.416,1.416,1.265,1.236,1.044,0.946,0.964,1.004,0.79,0.752,0.493,0.314,0.299,0.25,0.159,0.105,0.024,0.001,0.0,0.0,0.0
7,WM right ventral spinocerebellar tract,2.394,2.153,2.205,2.221,2.445,2.466,2.162,1.635,1.482,1.423,1.423,1.27,1.24,1.049,0.949,0.964,1.003,0.797,0.763,0.494,0.314,0.299,0.25,0.159,0.105,0.024,0.001,0.0,0.0,0.0
8,WM left rubrospinal tract,2.295,2.005,2.05,1.957,1.954,1.993,1.831,1.499,1.278,1.2,1.165,1.091,0.983,0.88,0.643,0.475,0.401,0.483,0.437,0.314,0.247,0.302,0.303,0.284,0.258,0.158,0.059,0.0,0.0,0.0
9,WM right rubrospinal tract,2.295,2.005,2.05,1.957,1.955,1.995,1.832,1.5,1.278,1.201,1.167,1.091,0.984,0.88,0.643,0.475,0.401,0.483,0.437,0.314,0.247,0.302,0.303,0.284,0.258,0.158,0.059,0.0,0.0,0.0
10,WM left lateral reticulospinal tract,0.126,0.097,0.113,0.114,0.136,0.144,0.125,0.102,0.064,0.056,0.051,0.041,0.031,0.037,0.037,0.034,0.031,0.032,0.031,0.027,0.03,0.045,0.06,0.047,0.049,0.03,0.013,0.0,0.0,0.0
11,WM right lateral reticulospinal tract,0.126,0.097,0.113,0.114,0.136,0.144,0.125,0.102,0.064,0.056,0.051,0.041,0.031,0.037,0.037,0.034,0.031,0.032,0.031,0.027,0.03,0.045,0.06,0.047,0.049,0.03,0.013,0.0,0.0,0.0
12,WM left spinal lemniscus (spinothalamic and spinoreticular tracts),4.984,4.345,4.287,3.935,3.243,3.095,3.162,2.823,2.874,2.863,2.77,2.524,2.035,2.016,2.24,2.275,2.292,2.467,2.339,2.005,1.475,1.21,0.893,0.726,0.586,0.297,0.095,0.0,0.0,0.0
13,WM right spinal lemniscus (spinothalamic and spinoreticular tracts),4.984,4.346,4.287,3.935,3.243,3.095,3.162,2.823,2.874,2.864,2.77,2.524,2.036,2.017,2.24,2.275,2.293,2.468,2.34,2.005,1.475,1.21,0.894,0.726,0.586,0.297,0.095,0.0,0.0,0.0
14,WM left spino-olivary tract,1.321,1.263,1.387,1.406,1.154,1.034,1.019,0.914,0.965,0.956,0.933,0.824,0.63,0.588,0.749,0.917,1.001,1.022,0.984,0.824,0.686,0.517,0.251,0.084,0.047,0.008,0.0,0.0,0.0,0.0
15,WM right spino-olivary tract,1.329,1.271,1.393,1.412,1.159,1.039,1.024,0.919,0.97,0.96,0.939,0.829,0.633,0.591,0.754,0.922,1.008,1.029,0.991,0.828,0.687,0.515,0.251,0.084,0.047,0.008,0.0,0.0,0.0,0.0
16,WM left ventrolateral reticulospinal tract,0.332,0.319,0.342,0.46,0.734,0.893,0.821,0.722,0.478,0.302,0.259,0.234,0.196,0.191,0.241,0.312,0.39,0.386,0.38,0.455,0.386,0.331,0.31,0.313,0.233,0.17,0.055,0.0,0.0,0.0
17,WM right ventrolateral reticulospinal tract,0.332,0.319,0.342,0.46,0.734,0.893,0.821,0.722,0.478,0.302,0.259,0.234,0.196,0.191,0.241,0.312,0.39,0.386,0.38,0.455,0.386,0.331,0.31,0.313,0.233,0.17,0.055,0.0,0.0,0.0
18,WM left lateral vestibulospinal tract,0.44,0.374,0.418,0.53,0.76,0.909,0.925,0.879,0.64,0.489,0.446,0.407,0.348,0.319,0.367,0.404,0.452,0.465,0.503,0.553,0.497,0.453,0.386,0.251,0.148,0.07,0.021,0.0,0.0,0.0
19,WM right lateral vestibulospinal tract,0.441,0.375,0.418,0.53,0.76,0.91,0.925,0.879,0.64,0.489,0.446,0.407,0.348,0.32,0.367,0.404,0.453,0.466,0.504,0.554,0.487,0.454,0.386,0.252,0.149,0.07,0.021,0.0,0.0,0.0
20,WM left ventral reticulospinal tract,0.5,0.377,0.423,0.518,0.679,0.853,0.856,0.799,0.635,0.548,0.527,0.519,0.451,0.415,0.419,0.418,0.431,0.465,0.554,0.541,0.403,0.253,0.134,0.038,0.021,0.0,0.0,0.0,0.0,0.0
21,WM right ventral reticulospinal tract,0.503,0.379,0.426,0.521,0.683,0.858,0.86,0.803,0.639,0.551,0.529,0.521,0.453,0.417,0.422,0.421,0.434,0.468,0.557,0.544,0.389,0.253,0.134,0.038,0.021,0.0,0.0,0.0,0.0,0.0
22,WM left ventral corticospinal tract,0.577,0.54,0.65,0.706,0.808,1.008,1.119,0.991,0.763,0.575,0.5,0.546,0.478,0.456,0.464,0.484,0.445,0.516,0.647,0.804,1.024,1.295,1.24,1.003,0.697,0.458,0.137,0.0,0.0,0.0
23,WM right ventral corticospinal tract,0.578,0.541,0.652,0.707,0.809,1.009,1.119,0.993,0.765,0.578,0.501,0.547,0.479,0.457,0.464,0.485,0.446,0.517,0.649,0.806,1.027,1.297,1.242,1.004,0.699,0.458,0.137,0.0,0.0,0.0
24,WM left tectospinal tract,0.566,0.557,0.641,0.712,0.895,1.126,1.179,1.018,0.773,0.651,0.584,0.583,0.461,0.422,0.482,0.532,0.548,0.595,0.642,0.748,0.848,0.936,0.855,0.734,0.589,0.393,0.132,0.0,0.0,0.0
25,WM right tectospinal tract,0.566,0.557,0.641,0.713,0.895,1.126,1.178,1.017,0.773,0.651,0.584,0.583,0.461,0.422,0.483,0.532,0.549,0.595,0.643,0.749,0.849,0.936,0.856,0.733,0.588,0.393,0.132,0.0,0.0,0.0
26,WM left medial reticulospinal tract,0.317,0.285,0.285,0.294,0.318,0.35,0.345,0.27,0.255,0.243,0.211,0.185,0.147,0.128,0.164,0.185,0.2,0.211,0.166,0.179,0.281,0.353,0.346,0.295,0.218,0.146,0.049,0.0,0.0,0.0
27,WM right medial reticulospinal tract,0.317,0.285,0.285,0.294,0.318,0.35,0.345,0.27,0.255,0.243,0.211,0.185,0.147,0.128,0.164,0.185,0.2,0.211,0.166,0.179,0.281,0.353,0.346,0.295,0.218,0.146,0.049,0.0,0.0,0.0
28,WM left medial longitudinal fasciculus,0.3,0.283,0.265,0.245,0.222,0.214,0.245,0.212,0.233,0.26,0.233,0.209,0.167,0.151,0.193,0.201,0.189,0.195,0.164,0.169,0.293,0.42,0.41,0.374,0.271,0.169,0.063,0.0,0.0,0.0
29,WM right medial longitudinal fasciculus,0.3,0.283,0.265,0.245,0.222,0.214,0.245,0.212,0.233,0.26,0.233,0.209,0.167,0.151,0.193,0.201,0.189,0.195,0.164,0.169,0.293,0.42,0.41,0.374,0.271,0.169,0.063,0.0,0.0,0.0
30,GM left ventral horn,1.876,1.68,1.747,2.098,2.814,3.102,2.838,2.263,1.533,1.118,1.109,1.184,1.107,1.194,1.285,1.262,1.259,1.421,1.425,1.601,1.819,2.526,2.881,2.649,2.065,1.317,0.454,0.0,0.0,0.0
31,GM right ventral horn,1.876,1.68,1.747,2.098,2.814,3.102,2.838,2.263,1.533,1.118,1.109,1.184,1.107,1.194,1.285,1.262,1.259,1.421,1.425,1.601,1.819,2.526,2.881,2.649,2.065,1.317,0.454,0.0,0.0,0.0
32,GM left intermediate zone,2.915,2.543,2.674,2.849,2.902,2.828,2.665,2.25,1.802,1.77,1.784,1.938,1.899,2.005,1.958,1.64,1.436,1.605,1.591,1.575,2.089,2.846,2.89,2.536,1.817,1.195,0.419,0.0,0.0,0.0
33,GM right intermediate zone,2.915,2.543,2.674,2.849,2.902,2.828,2.665,2.25,1.802,1.77,1.784,1.938,1.899,2.005,1.958,1.64,1.436,1.605,1.592,1.575,2.089,2.846,2.89,2.536,1.817,1.195,0.419,0.0,0.0,0.0
34,GM left dorsal horn,1.452,1.285,1.578,1.706,1.795,1.571,1.461,1.474,1.151,0.75,0.581,0.413,0.313,0.303,0.336,0.393,0.365,0.307,0.416,0.524,0.638,0.84,0.845,0.816,0.616,0.426,0.143,0.0,0.0,0.0
35,GM right dorsal horn,1.452,1.285,1.578,1.706,1.795,1.571,1.461,1.474,1.151,0.75,0.581,0.413,0.313,0.303,0.336,0.393,0.365,0.307,0.416,0.524,0.638,0.84,0.845,0.816,0.616,0.426,0.143,0.0,0.0,0.0
